Symbols,Genes ,fold d/h,GF_1,GF_2,GF_3,GF_4,GF_5,GF_7,GF_8,SPF_1,SPF_2,SPF_3,SPF_4,SPF_6,SPF_7,SPF_8,t-test
DDIT4,NM_029083,11.2229965156794,232,420,140,116,1027,785,501,40,21,22,13,73,70,48,0.007198902847369
IQGAP1,NM_016721,5.83870967741936,24,44,10,16,20,17,50,4,14,2,3,1,6,1,0.003764139463635
TSC22D3,NM_001077364,5.3375,47,107,44,53,257,214,132,23,17,23,20,39,16,22,0.009737504774067
RAB3D,NM_031874,5.16666666666667,7,14,5,10,2,7,17,1,1,1,1,3,1,4,0.004171453720394
GNAZ,NM_010311,4.85714285714286,1,1,5,5,9,9,4,1,1,1,1,1,1,1,0.009123197660997
AGPAT4,NM_026644,3.95833333333333,5,21,21,10,15,10,13,4,7,1,1,5,5,1,0.001279054215279
BCL2,NM_009741,2.96739130434783,44,28,58,45,28,24,46,16,13,25,4,1,8,25,0.000946946647719
MYO19,NM_025414,2.89655172413793,12,10,16,8,8,17,13,9,2,5,2,3,4,4,0.000438590340442
NR1D1,NM_145434,2.7,15,26,36,13,29,26,17,9,7,20,10,7,3,4,0.002459632940923
NOTCH4,NM_010929,2.68085106382979,75,107,52,51,32,80,107,42,5,12,13,24,49,43,0.004095814398687
TTYH2,NM_053273,2.62790697674419,17,29,26,41,36,38,39,11,4,17,20,16,10,8,0.000253237884963
ZXDB,NM_001081473,2.53571428571429,14,11,12,14,6,7,7,1,2,3,1,9,10,2,0.008242576084386
LIMK2,NM_010718,2.48780487804878,39,62,30,15,57,36,67,17,25,14,16,13,13,25,0.0042142312878
LIMK2,NM_173053,2.48780487804878,39,62,30,15,57,36,67,17,25,14,16,13,13,25,0.0042142312878
SUPV3L1,NM_181423,2.47887323943662,19,27,43,38,20,5,24,12,9,11,10,5,10,14,0.009801309640289
SERPINE2,NM_009255,2.4661558109834,1625,1774,1501,1387,972,1040,1356,641,490,544,477,605,597,561,9.89634500148638E-06
SULT1A1,NM_133670,2.38857938718663,278,270,208,109,342,266,242,118,69,124,107,131,84,85,0.000335231974492
RPS19BP1,NM_175109,2.30067567567568,101,113,112,35,81,165,74,39,24,46,33,60,42,52,0.004703323567146
SPR,NM_011467,2.29056603773585,85,87,70,139,85,89,52,16,46,66,35,30,42,30,0.001257064694915
WFS1,NM_011716,2.20754716981132,18,20,17,8,18,16,20,4,5,14,3,1,19,7,0.008605966879497
RDM1,NM_025654,2.1875,49,25,36,55,49,21,45,6,17,24,35,22,5,19,0.004856830758502
1700001C19RIK,NM_029296,2.16666666666667,7,9,4,6,11,9,6,4,1,5,5,1,4,4,0.003548344535655
SMAGP,NM_001033872,2.13414634146341,49,41,56,45,28,82,49,15,34,20,23,35,11,26,0.002921569874969
RETSAT,NM_026159,2.13063063063063,79,50,83,83,80,68,30,36,40,24,45,28,31,18,0.001152288271281
FAM125A,NM_028617,2.12980769230769,49,96,62,31,59,85,61,44,26,31,30,22,26,29,0.002097450654092
UST,NM_177387,2.12698412698413,11,24,21,14,23,24,17,3,18,7,9,7,13,6,0.002946656034471
CUL7,NM_025611,2.08441558441558,72,45,43,34,63,36,28,19,27,10,18,27,26,27,0.003379688249602
MPV17L2,NM_183170,2.06726457399103,62,82,60,94,50,31,82,46,24,44,38,32,21,18,0.0031503958598
KCTD10,NM_026145,2.03846153846154,50,28,37,30,59,38,23,15,11,20,25,6,22,31,0.006048430508897
SEPW1,NM_009156,2.03205128205128,95,98,102,46,82,116,95,43,52,31,23,83,37,43,0.001361315132001
GGA2,NM_028758,2.02521008403361,28,26,36,39,33,56,23,25,17,11,13,20,14,19,0.002414797302688
PLXNB3,NM_019587,2.01923076923077,16,14,19,17,14,10,15,11,11,7,13,5,1,4,0.002374151586401
ANXA11,NM_013469,2,4,5,3,3,2,6,5,3,1,3,1,2,2,2,0.007081771942323
SMAGP,NM_174992,1.97191011235955,49,40,57,46,29,82,48,15,38,21,23,35,17,29,0.004438825281575
NFKBIL1,NM_010909,1.97083333333333,62,94,90,41,80,80,26,50,40,38,37,26,27,22,0.007656809693873
B4GALNT1,NM_008080,1.93790849673203,98,49,63,128,103,78,74,37,20,41,52,58,52,46,0.003229617133335
PHPT1,NM_029293,1.925,54,55,58,81,104,57,53,35,38,34,32,28,36,37,0.001089061351252
FAM160B2,NM_194345,1.92338709677419,50,59,74,55,80,104,55,33,15,47,15,57,39,42,0.004557896417943
ARPP19,NM_021548,1.91633466135458,214,144,201,253,224,195,212,122,105,161,108,76,61,120,0.000116124312952
DPM3,NM_026767,1.91563275434243,87,120,131,69,112,111,142,74,37,60,54,64,50,64,0.000299102572113
ARPP19,NM_001142655,1.91379310344828,214,144,201,253,224,195,212,122,105,161,109,76,61,120,0.000117702505468
PPAPDC3,NM_145521,1.912,20,28,42,32,47,40,30,19,17,28,16,15,19,11,0.00166767288054
EDC3,NM_153799,1.90740740740741,40,34,45,25,22,17,23,8,18,24,19,12,10,17,0.008606751700692
RABAC1,NM_010261,1.90405904059041,905,1048,1100,893,1083,1042,1153,646,652,498,451,638,592,317,3.24936233354939E-06
NAA10,NM_019870,1.9016393442623,65,52,36,41,48,56,50,40,31,39,8,24,22,19,0.001250758944713
GPATCH4,NM_001110809,1.88690476190476,47,62,58,37,37,24,52,28,32,30,10,16,26,26,0.003605911683719
TYW1,NM_001015876,1.88652482269504,28,33,47,35,42,24,57,21,8,33,27,26,10,16,0.007545472630446
CAPG,NM_007599,1.88253012048193,83,94,60,63,100,109,116,44,39,20,58,55,70,46,0.001430436285794
UCP2,NM_011671,1.88060484223407,3195,3007,2598,2247,3783,3457,3229,1932,1757,1688,1724,1631,1499,1210,2.07733244091426E-05
CLPTM1,NM_019649,1.87920034028073,625,565,747,583,642,672,584,350,355,407,328,386,297,228,1.14307146830694E-06
QSOX1,NM_001024945,1.87307692307692,76,90,61,68,83,47,62,72,56,37,23,22,29,21,0.004393802628785
NAA10,NM_001177965,1.86458333333333,67,53,39,41,48,57,53,40,31,40,10,26,26,19,0.000981064822148
TSPAN4,NM_053082,1.85281385281385,328,390,300,238,301,290,293,216,206,140,172,186,112,123,5.64131573473667E-05
PDE2A,NM_001143848,1.84659090909091,65,35,42,44,57,35,47,19,39,34,18,26,20,20,0.001592326247388
CCDC101,NM_029339,1.84615384615385,54,37,34,49,29,64,45,26,14,31,33,22,26,17,0.002351756930099
EXOSC6,NM_028274,1.84153005464481,93,125,137,94,68,57,100,37,71,44,53,38,63,60,0.002945566937993
PTCD2,NM_026873,1.83934426229508,77,44,92,91,98,87,72,54,28,58,35,61,28,41,0.001243661397175
TCFEB,NM_011549,1.82775119617225,100,105,79,116,139,120,105,75,52,85,48,59,42,57,0.00015137000153
EXOSC5,NM_138586,1.82588235294118,127,121,84,96,90,135,123,71,38,83,68,49,54,62,0.000203243374633
ZFP358,NM_080461,1.82222222222222,59,69,118,52,79,128,69,56,48,54,43,34,47,33,0.0078641814006
RRP9,NM_145620,1.82096069868996,59,77,69,38,64,63,47,19,30,15,48,29,66,22,0.008167581478623
MED24,NM_011869,1.81222707423581,37,76,62,45,76,59,60,43,24,27,41,34,29,31,0.000948867328864
HIST1H2AF,NM_175661,1.81081081081081,29,20,28,25,27,31,41,12,25,16,8,17,18,15,0.001515446765569
ASNA1,NM_019652,1.80952380952381,188,127,134,117,99,82,165,109,80,88,68,57,55,47,0.003518018414968
DTX2,NM_023742,1.80633802816901,68,91,77,66,40,106,65,46,71,41,36,32,33,25,0.005779460062656
RRP7A,NM_029101,1.80496453900709,109,62,59,73,48,75,83,43,42,40,51,30,41,35,0.001418320206729
APOE,NM_009696,1.80116230801162,2657,3008,2584,1524,3146,2263,2174,1679,1457,1373,1097,1307,1646,1077,0.000391274639782
PLAU,NM_008873,1.79696394686907,106,147,153,150,75,168,148,85,70,52,62,71,80,107,0.001081238657568
2810408M09RIK,NM_001007581,1.78467153284672,87,81,53,33,63,89,83,28,41,37,42,32,63,31,0.005495651553079
NFKBIA,NM_010907,1.7814871016692,374,515,423,402,580,614,614,267,205,279,294,373,283,276,0.000260645085778
TXNRD1,NM_015762,1.78030303030303,80,65,74,69,67,43,72,44,30,18,55,39,29,49,0.000762157039947
FDX1L,NM_001039824,1.77871148459384,67,106,58,92,88,118,106,94,44,55,38,40,38,48,0.003944861956146
SARS,NM_011319,1.77651515151515,132,139,106,119,155,155,132,51,67,107,85,81,85,52,9.10407242300318E-05
EIF4G1,NM_001005331,1.77648878576953,324,254,338,401,232,385,363,224,225,185,186,182,162,129,0.00020605419745
LMO4,NM_010723,1.77462686567164,142,199,88,166,219,210,165,122,96,76,101,78,112,85,0.001659132164155
N/A,NR_028574,1.77227722772277,88,76,96,65,58,90,64,54,54,49,51,33,38,24,0.000542314440892
ORMDL3,NM_025661,1.77142857142857,94,102,126,77,102,148,95,80,54,56,27,59,61,83,0.001493330911936
GM996,NM_001005424,1.76627218934911,65,131,101,81,60,64,95,50,51,28,48,43,69,49,0.00481165562762
UAP1L1,NM_001033293,1.76549865229111,84,118,132,77,108,73,63,69,56,59,60,40,63,24,0.00394924736143
SESN2,NM_144907,1.76282051282051,40,30,35,42,60,33,35,27,14,31,13,35,20,16,0.005410340509945
EIF1AD,NM_027236,1.7595818815331,67,75,108,74,64,63,54,27,31,42,64,29,21,73,0.008929947896549
2300009A05RIK,NM_027090,1.75770925110132,76,58,48,65,45,49,58,25,38,27,45,35,29,28,0.000326753390144
BOLA2,NM_175103,1.75717439293598,116,102,83,123,176,97,99,77,59,63,69,70,49,66,0.001499452077281
SORL1,NM_011436,1.7479674796748,100,124,80,83,94,73,91,84,39,50,59,40,40,57,0.000735431779215
SNRPC,NM_011432,1.74522292993631,21,49,42,40,38,43,41,25,27,22,24,23,16,20,0.000519815240089
GPR137B,NM_031999,1.74503311258278,81,78,75,70,89,56,78,63,31,41,45,44,41,37,6.77880786577073E-05
MIR692-1,NR_030465,1.7367405978785,255,243,254,224,281,256,288,152,159,159,151,133,148,135,5.00821215591825E-08
PSMB3,NM_011971,1.73372781065089,24,24,59,41,40,51,54,23,22,27,23,35,21,18,0.008737914313257
RPF1,NM_027371,1.72868217054264,30,23,22,38,35,33,42,23,4,24,28,24,10,16,0.009272908693952
DNAJB1,NM_018808,1.72505543237251,74,107,128,123,96,132,118,86,50,60,82,47,47,79,0.000623986955327
MARK4,NM_172279,1.72443674176776,210,171,71,125,102,161,155,103,96,83,95,80,79,41,0.008920987623734
CORO1C,NM_011779,1.71583514099783,109,64,175,129,126,95,93,49,61,69,80,84,55,63,0.005921868296624
GM11517,NR_033523,1.7,14,14,12,13,15,21,13,7,4,9,14,6,8,12,0.004614053652705
EXOSC4,NM_175399,1.69651741293532,69,38,49,31,53,54,47,30,26,25,35,20,26,39,0.002363521590086
TOMM22,NM_172609,1.69304556354916,86,116,96,85,80,124,119,50,106,58,46,83,44,30,0.00508888508815
NACC2,NM_026495,1.68788501026694,127,113,112,129,91,137,113,88,37,104,59,91,59,49,0.000933439195046
2900010M23RIK,NM_026063,1.68472906403941,104,126,86,60,112,123,73,73,35,83,58,57,53,47,0.004308556047246
TGFB1,NM_011577,1.68171511028654,1242,1024,1189,1294,1153,1128,1128,763,695,859,691,644,755,444,3.77966143715602E-06
MLLT1,NM_022328,1.68145161290323,55,50,61,76,33,64,78,23,46,40,33,33,33,40,0.002962820143227
HIST1H2AN,NM_178184,1.67910447761194,35,24,32,29,29,33,43,15,31,17,10,20,22,19,0.002126830135318
TBL3,NM_145396,1.67843137254902,59,72,67,42,52,71,65,30,20,54,30,58,40,23,0.004015824192758
RELA,NM_009045,1.67741935483871,205,224,165,235,217,240,222,105,128,134,176,114,138,104,2.88701186261833E-05
CCDC55,NM_001012309,1.67689822294023,139,136,130,206,91,177,159,115,84,105,57,101,65,92,0.002887710011841
MTA3,NM_054082,1.67549668874172,42,50,22,34,41,35,29,36,18,20,17,20,19,21,0.005039508810427
LSM7,NM_025349,1.67441860465116,26,15,14,28,27,21,13,11,14,10,13,10,13,15,0.007597008954144
CCND3,NM_001081635,1.67295597484277,73,69,101,73,94,76,46,41,34,44,74,53,42,30,0.004326213805911
POP7,NM_028753,1.66666666666667,54,70,78,60,54,38,76,27,48,15,48,50,34,36,0.005521882275103
DDX41,NM_134059,1.65564738292011,67,68,100,126,85,82,73,46,77,37,77,55,25,46,0.008670769006071
ESYT1,NM_011843,1.6551724137931,173,246,192,256,178,193,202,115,143,105,115,139,146,107,8.27307772818261E-05
N/A,NR_003373,1.65387823185988,603,527,538,513,675,504,606,436,303,385,332,296,304,342,9.62508892448234E-06
RPL26,NM_009080,1.65387823185988,603,527,538,513,675,504,606,436,303,385,332,296,304,342,9.62508892448234E-06
RNF26,NM_153762,1.6524064171123,42,47,52,24,43,65,36,19,29,17,23,35,27,37,0.009244695513696
KDM6B,NM_001017426,1.64770240700219,203,246,215,207,142,240,253,148,124,153,70,139,132,148,0.000493819868763
RPL36,NM_018730,1.64550264550265,219,155,167,134,222,165,182,117,107,116,112,98,107,99,0.000134795801271
AIP,NM_016666,1.64414029084688,319,273,330,237,198,241,324,191,184,195,165,183,157,94,0.000639213463945
RPS20,NM_026147,1.64032697547684,565,373,445,336,541,392,358,368,189,341,267,248,212,210,0.002101593879443
HYI,NR_003946,1.63865546218487,98,68,92,97,85,88,57,38,72,51,57,50,40,49,0.000728379158915
SZT2,NM_198170,1.63865546218487,98,68,92,97,85,88,57,38,72,51,57,50,40,49,0.000728379158915
RPS14,NM_020600,1.63767419509851,498,451,491,410,644,373,541,336,212,443,321,291,216,262,0.001276315350535
CRYBB1,NM_023695,1.63747019701343,1901,1830,1581,1506,2107,2231,1893,1136,997,1381,1261,1166,1021,1007,3.14232354413283E-05
PNPLA2,NM_001163689,1.63582443653618,179,219,161,198,239,264,119,120,76,94,175,145,127,106,0.004998106788226
UQCRC1,NM_025407,1.63569682151589,218,285,269,213,358,339,325,211,170,205,201,177,157,106,0.000968627062625
RPS26,NM_013765,1.63438256658596,327,290,278,248,322,276,284,208,162,173,183,161,166,186,8.52137648025583E-07
PHF15,NM_199299,1.63317073170732,274,206,230,182,377,205,200,131,148,163,157,153,144,129,0.003860071259762
N/A,NM_178188,1.62987012987013,36,25,36,32,33,38,51,18,36,21,11,22,24,22,0.005637118695028
ATXN7L3,NM_001098836,1.62939958592133,134,106,94,113,92,106,142,64,97,58,64,79,62,59,0.000406140782509
SAMM50,NM_178614,1.62814070351759,84,154,118,165,171,109,171,63,69,98,81,87,116,83,0.003527484921369
SLC43A2,NM_001199284,1.625,101,90,121,54,125,106,144,63,69,59,57,70,90,48,0.00541116666483
RPL14,NM_025974,1.62098214285714,587,489,460,439,565,539,552,398,251,383,390,257,268,293,6.2521170902296E-05
N/A,NM_001177544,1.61993769470405,92,51,66,63,76,81,91,34,67,50,23,48,46,53,0.003389904079588
NDUFA3,NM_025348,1.61784287616511,154,173,171,150,183,193,191,133,67,144,79,110,114,104,0.000147478024337
B3GAT3,NM_024256,1.61723446893788,182,94,92,112,92,118,117,80,85,55,95,64,59,61,0.006196753064429
PFDN2,NM_011070,1.61654135338346,74,87,72,78,111,115,108,51,69,53,71,43,70,42,0.001449975579097
RPL35,NM_025592,1.6143977191732,332,310,287,296,388,357,295,230,158,236,215,197,183,184,1.53287469766663E-05
HIST1H2BM,NM_178200,1.61417322834646,29,21,29,27,26,32,41,15,30,15,11,20,22,14,0.00623674607037
NHP2,NM_026631,1.61168384879725,73,59,82,48,84,47,76,31,63,36,51,29,41,40,0.004981192487163
OGFRL1,NM_001081079,1.61081654294804,731,612,583,629,811,630,561,514,311,473,535,334,300,362,0.000376308435281
RPL37,NM_026069,1.60854987426656,269,211,224,287,346,293,289,181,158,197,153,156,182,166,0.000104531396079
MOBKL2A,NM_172457,1.60500963391137,149,107,128,98,148,78,125,104,85,62,75,78,64,51,0.002654531017923
HIST1H2AP,NM_178185,1.6,89,51,65,63,72,81,91,33,67,50,23,48,46,53,0.003960465974859
HIST1H2AH,NM_175659,1.59868421052632,35,25,34,31,32,38,48,18,36,19,11,22,24,22,0.006253837335292
ARF5,NM_007480,1.59842001316656,413,418,341,361,323,328,244,288,209,213,227,207,216,159,0.000384902292545
ICOSL,NM_015790,1.59707724425887,136,125,108,98,57,137,104,75,67,84,80,63,54,56,0.00369811335743
RENBP,NM_001164704,1.59587813620072,346,258,208,255,277,220,217,207,111,140,194,127,200,137,0.001590695500815
CAST,NM_009817,1.59574468085106,18,23,28,25,18,13,25,18,7,17,11,12,15,14,0.006707001083608
HS1BP3,NM_021429,1.59379407616361,99,149,169,180,149,233,151,108,85,96,45,120,129,126,0.008002199314147
PSKH1,NM_173432,1.5933014354067,44,39,41,63,55,50,41,35,30,39,28,24,16,37,0.002076504089297
C030046I01RIK,NM_177994,1.5921568627451,157,192,157,122,184,167,239,155,142,93,80,105,111,79,0.003325459760446
RPS8,NM_009098,1.58946212952799,489,369,363,411,474,354,436,313,208,369,295,227,197,213,0.000472496264915
ARL4C,NM_177305,1.58823529411765,485,555,403,375,267,505,461,241,296,252,252,337,303,240,0.001368240873248
RPL37A,NM_009084,1.58571428571429,281,228,275,277,286,273,267,184,163,231,187,143,131,151,1.99935054871142E-05
GM13611,NM_001195765,1.58542413381123,205,172,172,151,245,177,205,157,101,139,130,100,95,115,0.000457592063914
SLC39A5,NM_028092,1.58503401360544,69,94,128,113,114,71,110,52,67,46,63,61,93,59,0.0037298251051
RHOB,NM_007483,1.58415551431083,2286,2617,1982,1938,2912,2031,2451,1511,1129,1630,1422,1690,1443,1412,0.000127720147257
CHST12,NM_021528,1.58373786407767,175,274,167,164,188,148,189,130,132,127,99,128,104,104,0.001314204148993
ARL11,NM_177337,1.57559681697613,157,186,159,149,195,137,205,137,114,121,94,99,88,101,0.000181254541327
FBXW8,NM_172721,1.57478005865103,87,95,58,78,70,87,62,38,35,45,51,57,51,64,0.001049593805979
HIST1H2AB,NM_175660,1.57258064516129,28,20,30,26,24,30,37,14,29,15,10,17,18,21,0.006123546591879
PLXDC1,NM_001163608,1.57177322074789,161,244,194,171,150,160,223,161,131,122,130,112,72,101,0.001869181941048
MRPL54,NM_025317,1.56934306569343,93,131,95,84,60,85,97,74,33,63,61,70,71,39,0.006199863636253
SND1,NM_019776,1.56864564007421,181,209,314,223,229,278,257,220,144,131,110,178,176,119,0.002136072074339
PGLS,NM_025396,1.56843800322061,130,155,126,102,114,205,142,91,112,121,49,78,100,70,0.008059548007993
ELANE,NM_015779,1.56602521566025,403,317,350,268,370,357,295,259,165,254,260,199,183,187,0.000218612188826
CHMP7,NM_134078,1.56521739130435,98,56,51,79,82,76,62,28,54,57,40,42,58,43,0.004593575623324
PCDHGA1,NM_033584,1.56466302367942,271,199,238,200,237,339,234,178,143,182,135,182,152,126,0.000909998628212
PCDHGA10,NM_033593,1.56466302367942,271,199,238,200,237,339,234,178,143,182,135,182,152,126,0.000909998628212
PCDHGA11,NM_033594,1.56466302367942,271,199,238,200,237,339,234,178,143,182,135,182,152,126,0.000909998628212
PCDHGA12,NM_033595,1.56466302367942,271,199,238,200,237,339,234,178,143,182,135,182,152,126,0.000909998628212
PCDHGA2,NM_033585,1.56466302367942,271,199,238,200,237,339,234,178,143,182,135,182,152,126,0.000909998628212
PCDHGA3,NM_033586,1.56466302367942,271,199,238,200,237,339,234,178,143,182,135,182,152,126,0.000909998628212
PCDHGA4,NM_033587,1.56466302367942,271,199,238,200,237,339,234,178,143,182,135,182,152,126,0.000909998628212
PCDHGA5,NM_033588,1.56466302367942,271,199,238,200,237,339,234,178,143,182,135,182,152,126,0.000909998628212
PCDHGA6,NM_033589,1.56466302367942,271,199,238,200,237,339,234,178,143,182,135,182,152,126,0.000909998628212
PCDHGA7,NM_033590,1.56466302367942,271,199,238,200,237,339,234,178,143,182,135,182,152,126,0.000909998628212
PCDHGA8,NM_033591,1.56466302367942,271,199,238,200,237,339,234,178,143,182,135,182,152,126,0.000909998628212
PCDHGA9,NM_033592,1.56466302367942,271,199,238,200,237,339,234,178,143,182,135,182,152,126,0.000909998628212
PCDHGB1,NM_033574,1.56466302367942,271,199,238,200,237,339,234,178,143,182,135,182,152,126,0.000909998628212
PCDHGB2,NM_033575,1.56466302367942,271,199,238,200,237,339,234,178,143,182,135,182,152,126,0.000909998628212
PCDHGB4,NM_033576,1.56466302367942,271,199,238,200,237,339,234,178,143,182,135,182,152,126,0.000909998628212
PCDHGB5,NM_033577,1.56466302367942,271,199,238,200,237,339,234,178,143,182,135,182,152,126,0.000909998628212
PCDHGB6,NM_033578,1.56466302367942,271,199,238,200,237,339,234,178,143,182,135,182,152,126,0.000909998628212
PCDHGB7,NM_033579,1.56466302367942,271,199,238,200,237,339,234,178,143,182,135,182,152,126,0.000909998628212
PCDHGB8,NM_033580,1.56466302367942,271,199,238,200,237,339,234,178,143,182,135,182,152,126,0.000909998628212
PCDHGC3,NM_033581,1.56466302367942,271,199,238,200,237,339,234,178,143,182,135,182,152,126,0.000909998628212
PCDHGC4,NM_033582,1.56466302367942,271,199,238,200,237,339,234,178,143,182,135,182,152,126,0.000909998628212
PCDHGC5,NM_033583,1.56466302367942,271,199,238,200,237,339,234,178,143,182,135,182,152,126,0.000909998628212
ANAPC13,NM_181394,1.56410256410256,152,93,162,107,139,148,114,110,87,107,97,60,64,60,0.003311876526272
RPS27L,NM_026467,1.5609756097561,48,42,45,49,55,48,33,13,33,31,39,27,35,27,0.001711802298079
TSPO,NM_009775,1.56,63,105,62,100,104,69,82,42,57,44,60,56,71,45,0.003624315600984
GADD45GIP1,NM_183358,1.55417956656347,151,131,116,161,151,83,211,94,77,95,96,86,92,106,0.00623642012619
FAM172A,NM_138312,1.5521978021978,69,114,83,96,58,82,63,62,43,35,58,55,49,62,0.004964102494917
NINJ1,NM_013610,1.55205047318612,268,206,182,185,208,142,285,172,150,116,119,162,107,125,0.004073198509156
UBA52,NM_019883,1.55099337748344,373,311,299,292,374,321,372,240,173,250,274,187,167,219,0.000103668839276
RPL34,NM_026724,1.55036496350365,163,113,148,171,194,120,153,80,82,130,91,99,92,111,0.001078695148485
SMURF2,NM_025481,1.55,74,70,112,70,99,97,98,72,82,47,48,41,44,66,0.003858169977529
CDKN1B,NM_009875,1.54875283446712,55,84,77,116,101,123,127,48,58,86,69,56,63,61,0.008829853850861
N/A,NM_001005859,1.54867256637168,163,107,147,171,193,118,151,78,80,129,91,97,92,111,0.00164399610376
COX8A,NM_007750,1.5486670799752,374,303,353,361,343,364,400,171,245,364,217,269,216,131,0.001308385724282
RPS29,NM_009093,1.54730983302412,481,492,467,441,521,436,498,323,265,400,314,285,256,313,4.75394236766868E-06
BSG,NM_009768,1.54727859778598,996,1036,923,820,929,918,1087,656,552,754,589,672,601,512,7.50563895003021E-06
LLPH,NM_025431,1.54661016949153,49,72,46,55,44,63,36,33,37,42,30,25,32,37,0.003406414747835
RPL34-PS1,NM_001199350,1.54639175257732,163,107,147,171,193,118,151,78,80,129,91,98,92,111,0.001677316098822
CEBPA,NM_007678,1.54429369513168,546,573,489,480,577,712,493,466,367,338,467,291,288,289,0.000682588679097
RPL24,NM_024218,1.54226804123711,124,100,90,103,115,93,123,82,53,81,75,60,52,82,0.00027308953345
SNRPD2,NM_026943,1.54022988505747,78,68,83,56,65,85,101,51,42,52,46,51,58,48,0.000724942802746
AP2A1,NM_001077264,1.53919239904988,101,92,99,94,92,80,90,66,88,49,66,60,51,41,0.000262107814398
RPL13,NM_016738,1.53716216216216,408,418,412,437,532,489,489,275,275,399,321,280,272,250,5.80184292146937E-05
H2-DMB1,NM_010387,1.53530598520511,296,349,388,316,400,273,261,184,177,285,251,221,254,115,0.002619959432193
SLC35E3,NM_029875,1.53488372093023,55,37,44,30,49,52,63,32,34,34,29,28,33,25,0.002916401576813
RBM47,NM_139065,1.53333333333333,71,47,84,61,38,54,82,38,34,50,37,45,48,33,0.009875176149793
MMP14,NM_008608,1.53201219512195,138,162,156,97,133,165,154,89,90,83,78,101,98,117,0.000378950102007
RPL23A,NM_207523,1.52772073921971,111,102,104,80,123,130,94,66,85,61,69,85,66,55,0.000478222426224
UQCRQ,NM_025352,1.52601156069364,221,305,206,224,270,342,280,168,177,142,191,155,174,204,0.000778643482649
RPS5,NM_009095,1.52356979405034,963,1050,969,782,1148,810,936,489,561,962,670,671,649,368,0.002362384708909
COX6B1,NM_025628,1.51497005988024,133,112,110,136,158,177,186,92,80,130,69,96,88,113,0.003790575301439
VAV1,NM_001163815,1.51193981027151,587,636,647,705,835,665,547,448,474,501,495,435,375,329,0.000202240023939
VAV1,NM_001163816,1.51013071895425,588,637,647,704,835,663,547,446,478,500,493,436,374,333,0.000194093150307
NOP58,NM_018868,1.50842696629213,81,72,86,68,73,71,86,38,43,42,64,63,49,57,0.000190479027422
PPTC7,NM_177242,1.50511247443763,103,100,79,135,145,94,80,80,79,49,53,68,93,67,0.009006813675427
IER3IP1,NM_025409,1.50422102839601,301,246,239,230,290,365,289,198,142,196,200,182,178,207,0.000436020864413
TMEM11,NM_001168507,1.50406504065041,119,107,87,109,101,123,94,51,64,68,90,70,89,60,0.000411309892687
MIR684-1,NR_030454,1.5,5,6,5,7,7,6,6,2,4,5,5,5,3,4,0.002813448275788
MTX2,NM_016804,0.5,17,13,10,11,16,10,7,26,20,25,26,27,16,28,0.000108656707647
LOC100499420,NR_036469,0.5,18,7,13,16,20,14,35,35,31,22,36,32,54,36,0.003816338063526
RPS4X,NM_009094,0.5,55,25,22,19,24,46,76,87,40,68,83,77,60,119,0.00942373446085
DMTF1,NM_011806,0.498062015503876,45,51,17,66,20,28,30,81,128,54,55,64,58,76,0.009286284363358
CLCC1,NM_001177770,0.49748743718593,12,23,17,9,11,5,22,40,18,31,36,33,22,19,0.005029356785348
JARID2,NM_021878,0.496487119437939,31,30,29,32,34,24,32,57,67,59,57,59,55,73,1.06781289257666E-07
CCDC157,NM_001164620,0.4921875,10,8,15,3,15,3,9,18,19,25,18,10,22,16,0.003645794839389
EAF1,NM_028932,0.491891891891892,15,8,17,2,15,19,15,25,40,27,33,15,26,19,0.004553948035808
ARHGEF6,NM_152801,0.491525423728814,24,15,12,13,15,3,5,28,31,14,25,20,29,30,0.00336949770891
CDC42,NM_009861,0.490962962962963,297,108,134,236,248,271,363,496,442,433,453,600,423,528,7.20074408304363E-05
SON,NM_019973,0.49070887818307,90,89,106,113,60,153,102,180,202,184,212,220,209,246,5.1956082071025E-06
ZFP143,NM_009281,0.489583333333333,6,1,4,5,14,5,12,12,9,18,10,18,15,14,0.008076419814473
SON,NM_178880,0.48936170212766,92,89,106,111,60,153,102,181,203,186,212,220,208,247,4.41333276471333E-06
D15ERTD621E,NM_145959,0.485714285714286,67,56,65,81,51,49,90,134,114,85,112,190,147,163,0.00044423636724
CINP,NM_026048,0.485549132947977,8,7,7,21,6,23,12,23,30,15,14,31,26,34,0.007922317464712
PYROXD2,NM_029011,0.484472049689441,28,22,16,32,17,9,32,69,53,33,41,35,37,54,0.001880966399628
CCL12,NM_011331,0.483471074380165,37,32,38,39,28,26,34,52,114,76,44,55,72,71,0.001762372582018
ZKSCAN3,NM_001145778,0.483333333333333,19,25,15,20,23,23,20,37,52,35,43,50,43,40,2.82175866536039E-06
TBP,NM_013684,0.482758620689655,9,10,7,22,14,14,8,30,27,38,29,18,16,16,0.004898447426888
FAF1,NM_007983,0.480891719745223,26,25,2,18,35,21,24,54,60,46,43,55,25,31,0.002777570052938
XRN1,NM_011916,0.47926267281106,12,11,27,22,8,10,14,39,27,25,22,28,48,28,0.003002230999147
GTF2H2,NM_022011,0.477115117891817,32,68,56,72,53,23,40,103,83,98,108,139,105,85,0.000143493998773
CSNK1A1,NM_146087,0.476399560922064,48,49,66,64,16,94,97,117,179,122,48,137,162,146,0.003964489001353
CD34,NM_133654,0.475587703435805,107,98,82,121,114,118,149,245,164,206,293,253,228,270,1.59082369380474E-05
RGS7BP,NM_029879,0.474903474903475,18,11,22,11,5,43,13,42,47,22,33,38,35,42,0.004756312187467
PLD1,NM_008875,0.474178403755869,26,18,36,40,31,26,25,58,58,64,67,61,67,51,1.0688720156235E-06
LMNB2,NM_010722,0.473958333333333,4,21,12,14,9,24,7,15,35,27,19,26,42,28,0.006703270384371
BC030336,NM_001164580,0.473282442748092,7,13,17,7,10,3,5,27,9,19,16,20,22,18,0.004015700805463
FLI1,NM_008026,0.469403563129357,125,75,94,75,58,99,80,245,195,144,172,140,204,191,5.27839980150568E-05
GPR34,NM_011823,0.469026548672566,31,35,43,49,28,45,34,40,61,101,95,76,99,93,0.000542148536364
SLC35F5,NM_028787,0.468421052631579,19,1,6,9,21,14,19,39,19,32,17,30,26,27,0.00389357990997
SNX2,NM_026386,0.466898954703833,26,22,23,7,14,21,21,27,33,42,35,63,42,45,0.000906101987496
GPR137B-PS,NR_003568,0.46078431372549,20,20,24,17,28,8,24,53,43,46,41,43,36,44,6.6759467789719E-06
TNS1,NM_027884,0.460655737704918,15,42,18,36,68,73,29,72,130,56,135,76,58,83,0.008610874169577
DLD,NM_007861,0.458149779735683,17,8,10,27,12,10,20,31,44,20,33,16,37,46,0.004223139814858
HNRNPA3,NM_198090,0.457142857142857,6,3,2,10,2,4,5,9,13,14,10,10,7,7,0.003185919095371
UPK1B,NM_178924,0.456896551724138,32,53,52,77,51,40,66,73,76,116,156,125,138,128,0.000405505202104
QK,NM_001159516,0.456395348837209,17,25,14,42,22,10,27,44,41,55,27,78,51,48,0.002722896666756
INPP5E,NM_033134,0.456,7,17,24,18,15,19,14,50,50,23,26,18,35,48,0.00436743622043
DENND2C,NM_177857,0.454545454545455,3,5,1,1,4,1,5,9,9,4,6,5,7,4,0.007666151291625
GPCPD1,NM_001042671,0.454545454545455,10,21,7,36,12,19,15,37,25,43,39,32,42,46,0.000702823393282
CUL1,NM_012042,0.454225352112676,36,31,32,32,29,40,58,99,60,88,64,80,67,110,0.000140428061836
ITGAV,NM_008402,0.453521126760563,28,22,23,6,23,19,40,62,28,50,38,68,35,74,0.003764438267029
APPL2,NM_145220,0.452593917710197,49,23,29,46,27,54,25,80,92,42,115,59,79,92,0.001097273906787
KHDRBS1,NM_011317,0.448717948717949,29,27,34,30,3,26,26,44,49,38,50,63,68,78,0.000571554382481
NAA20,NM_001141965,0.448377581120944,15,29,25,27,26,11,19,57,49,39,53,49,48,44,4.31557830400156E-06
TRAPPC1,NM_001024206,0.44551724137931,67,46,24,7,44,71,64,102,57,74,87,138,138,129,0.002663006565027
PISD-PS2,NR_003519,0.444718962322421,116,75,69,153,107,51,149,273,261,125,190,196,298,276,0.000612856023895
SLC4A1AP,NM_009206,0.442367601246106,18,11,29,26,9,24,25,39,41,27,33,53,65,63,0.001582265869849
CLK4,NM_007714,0.441509433962264,18,25,9,24,9,16,16,40,61,14,36,49,32,33,0.00443405937741
SLC33A1,NM_015728,0.441441441441441,1,7,5,13,14,5,4,8,11,20,16,18,14,24,0.007153923035831
HIATL1,NM_001083901,0.441281138790036,22,12,24,6,14,23,23,19,39,41,43,65,41,33,0.002303964185707
CD86,NM_019388,0.437340153452685,29,34,14,13,30,14,37,26,38,64,66,67,87,43,0.003983610939675
NSUN5,NM_145414,0.434343434343434,16,15,5,16,16,3,15,32,43,15,31,10,35,32,0.006649389119863
DUSP22,NM_001037955,0.433734939759036,7,7,33,35,7,39,16,23,65,56,51,40,55,42,0.004026834530232
LONRF1,NM_001081150,0.433333333333333,4,6,3,2,4,3,4,6,6,8,5,9,16,10,0.006808408340819
PIK3C2B,NM_001099276,0.432835820895522,9,5,1,10,1,2,1,6,12,12,8,9,10,10,0.007576559472919
PTCD3,NM_027275,0.431372549019608,10,2,4,1,8,12,7,19,5,13,13,22,12,18,0.008421175260574
ZZZ3,NM_198416,0.43046357615894,4,5,4,6,13,10,23,22,30,25,22,18,15,19,0.002414406154033
BC031353,NM_153584,0.430232558139535,12,9,14,6,9,9,15,27,22,18,23,27,20,35,0.000102797169297
PRPS2,NM_026662,0.428571428571429,5,3,4,2,2,2,6,4,6,7,8,9,8,14,0.004799234086489
TNF,NM_013693,0.427586206896552,8,13,13,5,10,7,6,27,22,27,13,8,34,14,0.0080161025926
C330007P06RIK,NM_029951,0.426966292134831,5,4,5,11,6,2,5,5,13,11,8,19,14,19,0.006963651590425
HECTD1,NM_144788,0.426724137931034,20,9,12,10,25,7,16,33,17,39,39,23,27,54,0.003541831238157
FAM149B,NM_001177633,0.424657534246575,6,5,1,3,2,7,7,10,7,19,13,6,8,10,0.008544165649847
NLRP1B,NM_001040696,0.423255813953488,7,4,13,19,13,21,14,25,48,26,14,22,38,42,0.004807001212348
SENP5,NM_177103,0.422413793103448,10,3,10,7,5,5,9,10,17,20,23,15,13,18,0.000360864761968
4931406H21RIK,NR_033492,0.421686746987952,9,1,5,9,3,7,1,11,17,6,8,10,16,15,0.006077683584996
N/A,NR_015614,0.421149144254279,78,99,102,102,87,118,103,170,333,164,214,192,369,194,0.001049865888155
DCLRE1C,NM_146114,0.420454545454545,11,16,10,28,8,35,40,65,48,26,16,68,63,66,0.009321905265113
AFMID,NM_027827,0.419354838709677,20,30,15,27,6,12,33,79,51,31,53,24,49,54,0.003208056182346
CAMK2D,NM_001025438,0.41875,3,11,6,12,7,14,14,8,24,26,26,20,22,34,0.002067062263654
TUBGCP5,NM_146190,0.417777777777778,28,23,17,34,28,26,32,91,84,40,63,47,53,72,0.000319761376005
GTF2IRD1,NM_001081465,0.417218543046358,6,12,12,4,16,1,12,23,24,21,22,15,23,23,0.000166578254819
ATG4A,NM_174875,0.416666666666667,2,2,1,1,2,1,1,1,2,5,3,5,3,5,0.00910960467029
TSPAN32,NM_001128082,0.415584415584416,9,5,13,8,10,16,3,19,33,23,21,18,5,35,0.009277943722711
GM13253,NR_036572,0.414634146341463,10,2,1,7,3,13,15,21,14,14,17,18,17,22,0.00107865101503
SRP54A,NM_011899,0.407079646017699,13,7,16,22,16,7,11,30,34,32,30,29,34,37,2.62662112944131E-06
NUMB,NM_001136075,0.406639004149378,50,36,57,59,8,43,41,61,97,74,64,115,115,197,0.007129548377971
SRP54B,NM_001100109,0.405286343612335,13,7,16,22,16,7,11,30,34,33,30,29,34,37,2.44817800418726E-06
API5,NM_007466,0.403100775193798,7,4,15,5,13,7,1,13,30,15,24,12,17,18,0.003810721447923
LRP12,NM_172814,0.402877697841727,7,7,9,7,5,14,7,17,8,20,23,29,21,21,0.00075893027431
TRIP11,NM_028446,0.402173913043478,3,32,13,22,7,12,22,28,53,22,28,34,52,59,0.004513561352093
TTC9,NM_001033149,0.401869158878505,1,7,17,8,3,1,6,14,9,14,20,9,20,21,0.007727262981582
EIF5B,NM_198303,0.4,3,1,7,3,3,3,6,5,9,8,11,15,12,5,0.004439344672666
ASPH,NM_133723,0.398926654740608,23,25,33,46,10,54,32,72,76,62,56,95,100,98,0.000140969085686
CEP110,NM_012018,0.397683397683398,6,16,24,19,12,17,9,27,30,32,33,22,48,67,0.004061932437882
SRP54C,NM_001100110,0.397321428571429,13,7,15,22,16,7,9,30,34,31,30,29,34,36,2.38431307345206E-06
B130006D01RIK,NR_028263,0.396284829721362,8,14,4,30,14,9,49,32,46,47,59,32,35,72,0.005584813031541
PLEKHA2,NM_031257,0.396,30,35,9,25,44,33,22,78,83,57,58,81,77,66,9.16497625268369E-06
PLCB2,NM_177568,0.393700787401575,42,38,99,79,8,62,72,121,97,108,103,169,234,184,0.002156298314718
MRPL39,NM_017404,0.39247311827957,7,19,20,5,4,7,11,19,37,42,18,29,16,25,0.003832777766321
RTP4,NM_023386,0.391472868217054,7,11,36,11,18,7,11,38,44,42,23,39,22,50,0.001630815629471
D6WSU163E,NM_138594,0.390243902439024,6,11,1,9,8,1,12,15,30,14,18,24,13,9,0.005736441290437
SNORD92,NR_028556,0.388888888888889,1,1,1,1,1,1,1,3,2,3,1,3,2,4,0.001106963709869
ASPH,NM_001177855,0.388086642599278,23,22,32,47,10,49,32,74,76,62,53,95,96,98,0.000105205936083
MAP4K3,NM_001081357,0.386473429951691,12,3,10,14,14,9,18,25,48,33,24,30,23,24,0.000474287005543
FAM82B,NM_025476,0.384615384615385,8,4,9,16,1,12,5,11,18,15,28,22,29,20,0.001726978455536
FBXO5,NM_025995,0.384615384615385,2,4,1,2,3,5,3,6,9,8,8,4,5,12,0.001728866088978
6030458C11RIK,NM_001166360,0.384210526315789,17,1,2,18,15,5,15,19,34,26,18,38,37,18,0.002705516644892
MAPK8,NM_016700,0.383647798742138,9,1,1,11,14,24,1,27,19,17,17,21,23,35,0.004921558142868
NIF3L1,NM_022988,0.382608695652174,2,5,12,1,7,14,3,12,11,12,16,30,15,19,0.007166453807911
RB1CC1,NM_009826,0.382075471698113,8,11,10,8,5,16,23,29,39,26,20,28,34,36,0.000122997170299
ZFP810,NM_145612,0.381944444444444,2,10,1,14,8,12,8,37,27,17,9,22,18,14,0.007212675819832
SMEK2,NM_134034,0.381679389312977,14,16,7,26,14,14,9,56,33,27,38,42,29,37,0.00017479043405
PARP4,NM_001145978,0.378048780487805,5,7,2,11,12,17,8,33,34,11,28,29,22,7,0.006572027826307
PCNX,NM_018814,0.373831775700935,1,8,5,1,12,9,4,5,13,20,8,22,20,19,0.007340106043209
MRPL47,NM_029017,0.372549019607843,1,12,4,2,9,9,1,12,6,19,12,17,19,17,0.00315616386401
PTPN2,NM_008977,0.372413793103448,15,1,4,25,21,28,14,59,59,22,21,39,35,55,0.004069634070111
APOBEC2,NM_009694,0.371428571428571,15,4,8,3,1,2,6,19,8,21,11,11,22,13,0.005307125365593
IL1A,NM_010554,0.368932038834951,18,31,11,28,8,3,15,52,53,42,44,49,44,25,0.000192578226518
LY86,NM_010745,0.368832075389381,1371,998,1010,883,1500,1133,1559,4439,2720,3390,3135,3252,2876,3109,1.3864410387914E-06
RLIM,NM_011276,0.366279069767442,9,16,4,14,8,1,11,49,19,12,21,20,22,29,0.008076617871286
YWHAZ,NM_011740,0.365461847389558,52,35,43,36,30,49,28,127,103,81,71,118,104,143,2.28478337714679E-05
9330151L19RIK,NR_033222,0.365384615384615,4,3,9,5,8,1,8,19,11,17,12,20,14,11,0.000239502120616
GOLPH3,NM_025673,0.364640883977901,11,2,11,1,10,19,12,19,32,35,36,30,8,21,0.003454720404794
2010015L04RIK,NM_177674,0.364217252396166,18,6,21,4,16,7,42,35,39,60,38,35,49,57,0.000765745581135
TRIM34A,NM_030684,0.363636363636364,4,4,6,2,1,9,2,7,10,12,8,8,17,15,0.002038967080254
CCDC46,NM_029606,0.363636363636364,1,9,2,5,1,5,1,10,15,13,7,5,10,6,0.006144922208318
STARD3NL,NM_024270,0.358974358974359,53,59,46,68,55,47,50,146,151,162,119,178,130,167,7.65312535713436E-08
P2RX7,NM_001038845,0.355140186915888,5,5,25,11,4,14,12,40,22,23,31,27,38,33,0.000249620507106
YTHDF3,NR_027375,0.353658536585366,5,1,5,5,11,1,1,12,15,6,16,18,3,12,0.009806236610833
MAST4,NM_175171,0.352760736196319,7,16,7,43,7,14,21,42,54,30,57,55,48,40,0.000352828840745
CDC14A,NM_001080818,0.352380952380952,8,3,4,4,5,5,8,8,25,24,16,11,13,8,0.004376779830326
PLEKHF2,NM_175175,0.350710900473934,11,4,8,6,8,15,22,20,20,31,34,37,32,37,0.00015366726755
TM9SF2,NM_080556,0.349315068493151,10,9,29,19,33,28,25,58,36,47,46,85,87,79,0.000513552727962
FAN1,NM_177893,0.348837209302326,1,1,2,1,1,5,4,5,9,3,3,7,10,6,0.006342727878377
NSG1,NM_010942,0.348837209302326,10,9,4,2,2,1,2,9,11,23,13,11,13,6,0.006660890991786
SLC12A6,NM_133649,0.346899224806202,24,38,23,23,25,20,26,84,80,82,62,63,57,88,8.7906590425694E-07
OPHN1,NM_052976,0.345216606498195,87,118,104,164,34,130,128,198,368,187,145,376,472,470,0.002476065350809
FZD7,NM_008057,0.344594594594595,7,16,11,14,1,1,1,11,11,23,33,24,28,18,0.004597783498911
CNTF,NM_170786,0.34375,2,1,1,1,1,1,4,4,6,7,3,1,4,7,0.007951698568397
4932438A13RIK,NM_172679,0.338461538461538,15,5,7,2,1,9,5,9,24,5,16,29,26,21,0.007488918570676
ZFP445,NM_173364,0.336898395721925,20,6,11,15,1,1,9,40,20,32,23,20,12,40,0.003441964508177
TRIM68,NM_198012,0.333333333333333,2,5,1,3,1,5,1,10,7,5,12,5,12,3,0.005808780902883
PHACTR2,NM_001195096,0.333333333333333,11,1,1,1,1,2,3,8,7,14,8,7,10,6,0.006132766132484
MUTYH,NM_001159581,0.333333333333333,1,2,1,1,1,1,6,8,4,9,4,7,3,4,0.006847696092373
GLS,NM_001113383,0.333333333333333,4,2,7,4,11,1,2,21,15,7,13,14,16,7,0.002341329318446
ZHX3,NM_177263,0.327380952380952,10,15,1,10,12,2,5,23,28,32,26,18,23,18,8.4150103250496E-05
SF3B1,NM_031179,0.325806451612903,46,10,28,37,20,26,35,158,75,43,44,77,80,143,0.005428466808718
FKBP7,NM_010222,0.323943661971831,7,1,9,1,2,2,1,11,11,5,8,7,10,19,0.006880073300528
TRAPPC9,NM_001164643,0.32258064516129,1,1,2,1,1,3,1,3,5,2,5,4,9,3,0.00674812554533
PPP1CB,NM_172707,0.321428571428571,1,1,1,1,2,1,2,1,5,4,4,5,2,7,0.004476992569542
USP11,NM_145628,0.317796610169491,17,4,11,18,10,3,12,34,51,24,28,32,34,33,6.77636739648033E-05
TSPAN32,NM_001128081,0.317460317460317,7,1,7,7,6,9,3,14,33,20,18,11,5,25,0.005546229422569
B930003M22RIK,NR_037588,0.317307692307692,7,3,10,16,22,3,5,46,28,24,28,18,40,24,0.000852011419838
CPD,NM_007754,0.317073170731707,7,7,11,1,3,2,8,10,15,14,27,32,7,18,0.006696740214501
KRR1,NM_178610,0.316831683168317,1,4,8,11,1,1,6,20,7,16,14,11,22,11,0.001977482857692
B4GALNT2,NM_008081,0.31578947368421,3,8,7,3,1,19,1,34,12,25,13,7,22,20,0.009312004369094
4933406I18RIK,NR_029438,0.3125,1,3,1,6,1,1,2,6,8,5,8,9,6,6,0.000200486194205
4933434E20RIK,NM_027500,0.311688311688312,1,9,11,4,7,7,9,22,37,19,8,14,19,35,0.003609312071368
MIR186,NR_029572,0.305882352941176,2,3,5,1,5,1,9,16,14,12,7,10,10,16,0.000297928069777
MALAT1,NR_002847,0.305235970885184,317,247,355,737,131,384,429,734,1355,1028,675,1764,1638,1324,0.000407484464141
CDK12,NM_001109626,0.30327868852459,6,3,1,5,2,9,11,26,18,23,11,11,19,14,0.000535261695156
MIR706,NR_030487,0.30188679245283,4,3,9,7,2,5,2,8,24,17,7,21,16,13,0.001498608815494
CTNND1,NM_001085449,0.30010718113612,67,23,32,20,23,42,73,164,132,80,106,166,147,138,2.97338443999336E-05
CCDC90A,NM_001081059,0.298867924528302,50,71,40,31,34,113,57,224,181,181,229,161,171,178,1.05544390556845E-06
IVNS1ABP,NM_001039511,0.296052631578947,28,47,52,63,30,45,50,107,189,121,66,155,198,228,0.000408379967097
9930021J03RIK,NM_172836,0.294117647058823,1,1,2,9,1,5,1,8,17,9,8,5,10,11,0.002760958522371
ELMO1,NM_080288,0.292452830188679,12,17,15,22,4,16,7,31,57,20,28,61,60,61,0.000829798771161
E030024N20RIK,NR_033228,0.29064039408867,22,11,15,30,15,5,20,55,85,58,40,53,60,55,1.63803806470796E-05
KIF9,NM_001163569,0.287878787878788,7,1,1,3,1,1,5,4,13,9,18,5,8,9,0.006260127703586
NEK4,NM_011849,0.287037037037037,6,3,5,1,8,2,6,8,20,28,12,4,11,25,0.009020830987966
BTBD17,NM_028055,0.286764705882353,1,1,11,7,9,9,1,11,28,30,14,17,17,19,0.000856250363281
NOS1AP,NM_001109985,0.286729857819905,16,5,30,12,2,19,37,13,65,58,32,57,114,83,0.00721724095111
WNK1,NM_001185021,0.286472148541114,20,12,8,6,6,42,14,59,73,25,39,50,52,79,0.000733806057515
C78339,NM_001033192,0.285714285714286,1,1,1,6,1,9,13,25,17,8,20,7,18,17,0.00281044909744
LIN9,NM_175186,0.285714285714286,1,1,4,1,1,1,1,1,6,6,2,7,6,7,0.00437622139501
2700049A03RIK,NM_029818,0.285714285714286,1,6,5,1,1,7,5,19,25,14,3,9,8,13,0.008271700260655
MOSPD2,NM_029730,0.283018867924528,3,1,1,3,1,5,1,13,8,7,3,5,11,6,0.002618132472033
9530008L14RIK,NM_001145875,0.28125,1,3,1,1,1,1,1,6,1,6,8,6,4,1,0.009167497736324
CD2AP,NM_009847,0.281138790035587,18,3,14,5,18,10,11,46,40,37,39,38,32,49,7.58647403781543E-07
2700049A03RIK,NM_001163378,0.280898876404494,1,4,6,1,1,7,5,18,19,19,3,10,7,13,0.004117456179148
GM3604,NM_001162910,0.275862068965517,1,2,1,1,1,1,1,4,4,6,4,3,5,3,1.43435219676345E-05
LRRC51,NM_027053,0.274932614555256,17,11,17,19,12,5,21,59,34,72,20,38,80,68,0.000871669947774
4930578N16RIK,NM_001077684,0.274193548387097,1,1,1,3,1,9,1,3,9,12,10,14,6,8,0.003703979243245
ZFP318,NM_021346,0.26865671641791,2,7,1,3,4,10,9,12,33,29,3,15,22,20,0.005031022653007
KIFC2,NM_010630,0.26605504587156,1,7,9,3,1,7,1,20,15,1,16,18,25,14,0.003032233472177
ACRBP,NM_001127340,0.264864864864865,7,6,10,21,1,23,30,62,57,25,65,51,48,62,7.20045212556893E-05
TMEM22,NM_001101483,0.260869565217391,1,3,1,4,1,1,1,10,5,4,4,5,13,5,0.004785721654626
ZBTB26,NM_199025,0.258928571428571,4,1,8,8,1,3,4,11,14,9,23,13,21,21,0.000312959768496
DEPDC5,NM_177786,0.258064516129032,1,1,1,1,2,1,1,1,6,7,1,5,3,8,0.009984555390503
POU5F2,NM_029315,0.256830601092896,5,1,12,11,8,1,9,31,13,6,33,31,20,49,0.005064979393673
ZFP157,NM_028130,0.256410256410256,2,3,2,4,2,5,2,6,8,8,12,14,16,14,0.000138759661601
ADHFE1,NR_027664,0.255605381165919,12,4,8,13,4,1,15,33,15,30,29,19,55,42,0.00101450250093
FERT2,NM_001037997,0.251798561151079,6,3,1,9,8,7,1,24,20,27,18,7,22,21,0.000140987643324
RFX3,NM_011265,0.25,1,1,4,1,1,1,1,3,1,9,6,7,6,8,0.002820564929486
ZFP386,NM_001004066,0.25,4,3,1,1,1,1,2,7,7,16,7,1,8,6,0.007500604321686
LRBA,NM_001077687,0.246575342465753,28,3,1,31,11,3,13,42,83,46,38,29,55,72,0.000663345440921
GBP5,NM_153564,0.245901639344262,1,1,1,6,1,2,3,12,14,3,5,12,6,9,0.002439074434319
DUOXA1,NM_145395,0.242424242424242,2,1,4,1,1,1,6,4,15,8,16,1,9,13,0.008058479892821
P2RX7,NM_001038887,0.23768115942029,7,14,11,21,8,9,12,28,69,37,38,63,65,45,7.3638147624638E-05
GPR155,NM_001080707,0.23469387755102,5,8,1,10,1,10,11,18,44,24,11,18,36,45,0.00185988288466
MYBPHL,NM_026831,0.233333333333333,1,1,3,1,3,1,4,11,2,14,5,15,8,5,0.005145857737222
EIF2A,NM_001005509,0.227488151658768,11,2,3,5,6,12,9,34,24,21,19,30,31,52,0.000208113440347
TNFRSF14,NM_178931,0.225352112676056,4,2,1,1,1,1,6,3,9,1,16,16,14,12,0.007025610042826
FAM129A,NM_022018,0.223404255319149,5,23,8,1,2,2,1,12,46,24,31,16,36,23,0.002132568603149
CSMD3,NM_001081391,0.221311475409836,5,4,4,2,4,1,7,30,2,14,18,21,14,23,0.001802493022525
PAN2,NM_133992,0.21551724137931,7,4,4,1,1,5,3,10,22,8,25,9,20,22,0.000670568516158
PIK3R3,NM_181585,0.212121212121212,1,1,1,1,1,1,1,7,5,3,4,9,2,3,0.001982210834735
D830031N03RIK,NM_001167918,0.208092485549133,5,1,3,7,4,3,13,11,31,19,24,18,42,28,0.000459491510965
TMCO6,NM_028036,0.206185567010309,1,1,7,12,1,1,17,37,41,15,21,18,28,34,0.000391955636916
XIST,NR_001570,0.203389830508475,10,10,6,9,8,9,20,54,58,23,52,34,61,72,4.83167687120323E-05
ZFP280C,NM_153532,0.2,1,1,5,1,1,1,9,10,6,12,8,19,22,18,0.001272991470715
XIST,NR_001463,0.199794026776519,22,34,21,40,19,9,49,111,166,99,104,93,202,196,7.14850053118279E-05
NLRP1C,NR_027858,0.197674418604651,1,1,9,25,1,2,12,27,41,9,30,28,62,61,0.003165391314732
CAPNS2,NM_027112,0.19672131147541,3,2,2,10,3,2,2,27,15,6,15,14,25,20,0.000454368588462
MBOAT1,NM_153546,0.195402298850575,4,6,4,9,2,7,19,27,50,20,36,30,53,45,8.31029033901844E-05
WDR37,NM_001039389,0.193548387096774,3,1,1,4,1,1,1,1,19,8,4,12,9,9,0.007527025072641
HLTF,NM_144959,0.191358024691358,6,8,6,18,6,12,6,32,64,15,18,67,61,67,0.001469472038238
SLC8A1,NM_001112798,0.191304347826087,10,1,1,2,1,1,6,10,27,4,7,22,22,23,0.003742371327478
BDP1,NM_001081061,0.188679245283019,1,2,1,1,3,1,1,12,15,3,6,8,7,2,0.004836654117136
AGTPBP1,NM_023328,0.184466019417476,10,1,1,1,2,1,3,10,26,8,13,14,16,16,0.000463607778511
D3ERTD751E,NM_001099785,0.181818181818182,1,2,1,1,1,1,1,10,5,3,8,11,1,6,0.002928377740918
DNAJB7,NM_021317,0.18,1,1,1,1,1,3,1,9,1,10,8,7,8,7,0.000240228251217
ASB3,NM_023906,0.173913043478261,1,4,1,1,1,1,3,11,12,15,3,4,6,18,0.003079492560661
FAR1,NM_027379,0.167630057803468,5,3,9,1,1,2,8,21,21,25,13,47,18,28,0.000458945755706
CEP72,NM_028959,0.166666666666667,6,1,1,2,1,1,1,3,19,8,10,11,4,23,0.00750867291803
A730069N07RIK,NM_178735,0.158730158730159,1,1,2,1,1,3,1,1,13,14,1,10,8,16,0.006572596808562
OLFR111,NM_001005485,0.152941176470588,1,1,1,7,1,1,1,16,8,5,3,13,22,18,0.003200814474165
HIST1H2BE,NM_001177653,0.146666666666667,5,1,1,1,1,1,1,9,23,7,1,13,14,8,0.005024085953879
KLC1,NM_008450,0.144927536231884,1,1,1,4,1,1,1,6,8,15,7,4,22,7,0.00479838360182
1700020D05RIK,NM_023781,0.140350877192982,1,1,1,1,1,1,2,7,4,7,2,16,10,11,0.001918031530076
ADAM33,NM_033615,0.14,1,1,1,1,1,1,1,7,13,12,11,5,1,1,0.00735485320288
MIR3108,NR_037295,0.137254901960784,1,1,1,1,1,1,1,4,8,3,7,9,10,10,7.08571379048333E-05
POLR3F,NM_029763,0.136363636363636,1,1,3,4,1,1,4,19,26,5,4,9,29,18,0.003879929683805
POSTN,NM_001198766,0.12962962962963,1,1,1,1,1,1,1,11,5,13,13,7,4,1,0.002686246170526
POSTN,NM_015784,0.12962962962963,1,1,1,1,1,1,1,11,5,13,13,7,4,1,0.002686246170526
THNSL1,NM_177588,0.127272727272727,1,1,1,1,1,1,1,11,1,3,6,9,12,13,0.00205420616617
S100G,NM_009789,0.117021276595745,1,1,1,5,1,1,1,11,14,21,11,6,23,8,0.000455610353738
ERO1LB,NM_026184,0.10752688172043,2,3,2,8,1,1,3,39,25,31,27,35,15,14,3.34486606519238E-05
